{"cameraMode":{"drawMode":0,"name":"Shaded","section":"Shading Mode"},"sceneLighting":true,"audioPlay":false,"sceneViewState":{"showFog":true,"showMaterialUpdate":false,"showSkybox":true,"showFlares":true,"showImageEffects":true,"showParticleSystems":true},"in2DMode":false,"pivot":{"x":9.792511940002442,"y":1.4088258743286133,"z":2.2503395080566408},"rotation":{"x":0.11517635732889176,"y":-0.03396902605891228,"z":0.003940613940358162,"w":0.9927600622177124},"size":27.067598342895509,"orthographic":false}