{"cameraMode":{"drawMode":0,"name":"Shaded","section":"Shading Mode"},"sceneLighting":true,"audioPlay":false,"sceneViewState":{"showFog":true,"showMaterialUpdate":false,"showSkybox":true,"showFlares":true,"showImageEffects":true,"showParticleSystems":true},"in2DMode":false,"pivot":{"x":3.1645443439483644,"y":-23.540021896362306,"z":24.363422393798829},"rotation":{"x":-0.33959126472473147,"y":-0.010729903355240822,"z":0.00387591402977705,"w":-0.9405216574668884},"size":46.68406677246094,"orthographic":false}