{"cameraMode":{"drawMode":0,"name":"Shaded","section":"Shading Mode"},"sceneLighting":false,"audioPlay":false,"sceneViewState":{"showFog":true,"showMaterialUpdate":false,"showSkybox":false,"showFlares":true,"showImageEffects":true,"showParticleSystems":true},"in2DMode":false,"pivot":{"x":5.654237270355225,"y":1.3513250350952149,"z":-9.392133712768555},"rotation":{"x":-0.07489941269159317,"y":-0.8308526873588562,"z":0.11538756638765335,"w":-0.5392597913742065},"size":10.1083345413208,"orthographic":false}