{"cameraMode":{"drawMode":0,"name":"Shaded","section":"Shading Mode"},"sceneLighting":false,"audioPlay":false,"sceneViewState":{"showFog":true,"showMaterialUpdate":false,"showSkybox":false,"showFlares":true,"showImageEffects":true,"showParticleSystems":true},"in2DMode":false,"pivot":{"x":0.5204303860664368,"y":0.8537449240684509,"z":0.11037442833185196},"rotation":{"x":0.4299519956111908,"y":-0.15311594307422639,"z":0.07424692064523697,"w":0.8866701126098633},"size":1.9426510334014893,"orthographic":true}