{"cameraMode":{"drawMode":0,"name":"Shaded","section":"Shading Mode"},"sceneLighting":true,"audioPlay":false,"sceneViewState":{"showFog":true,"showMaterialUpdate":false,"showSkybox":true,"showFlares":true,"showImageEffects":true,"showParticleSystems":true},"in2DMode":false,"pivot":{"x":0.30000001192092898,"y":3.440000057220459,"z":-10.579999923706055},"rotation":{"x":0.4313006103038788,"y":0.5053346157073975,"z":-0.3234746754169464,"w":0.6737809777259827},"size":30.735389709472658,"orthographic":false}