{"cameraMode":{"drawMode":0,"name":"Shaded","section":"Shading Mode"},"sceneLighting":true,"audioPlay":false,"sceneViewState":{"showFog":true,"showMaterialUpdate":false,"showSkybox":true,"showFlares":true,"showImageEffects":true,"showParticleSystems":true},"in2DMode":false,"pivot":{"x":0.47701984643936159,"y":1.0779025554656983,"z":0.06970024108886719},"rotation":{"x":-0.0012952423421666027,"y":0.9982551336288452,"z":0.053958237171173099,"w":0.02396269142627716},"size":10.0,"orthographic":true}