{"cameraMode":{"drawMode":0,"name":"Shaded","section":"Shading Mode"},"sceneLighting":true,"audioPlay":false,"sceneViewState":{"showFog":true,"showMaterialUpdate":true,"showSkybox":true,"showFlares":true,"showImageEffects":true,"showParticleSystems":true},"in2DMode":false,"pivot":{"x":3.078153610229492,"y":0.7154203653335571,"z":-2.0672547817230226},"rotation":{"x":-0.019956281408667566,"y":0.9800363779067993,"z":-0.13791833817958833,"w":-0.1418076902627945},"size":3.099996566772461,"orthographic":false}